"Qty";"Value";"Device";"Package";"Parts";"Description";"ALLIED_NUMBER";"ALLIED_PRICE-STOCK";"DESCRIPTION";"DIGIKEY";"HEIGHT";"LCSC_PART_NUMBER";"LCSC_PRICE-STOCK";"MANUFACTURER_NAME";"MANUFACTURER_PART_NUMBER";"MANUFACTURE_NAME";"MOUSER_PART_NUMBER";"MOUSER_PRICE-STOCK";"PROD_ID";"RS_PART_NUMBER";"RS_PRICE-STOCK";"SF_SKU";"VALUE";
"1";"";"CONN_04";"1X04";"I2C";"Multi connection point. Often used as Generic Header-pin footprint for 0.1 inch spaced/style header connections";"";"";"";"";"";"";"";"";"";"";"";"";"CONN-09696";"";"";"";"";
"1";"";"TRANS_NPN_DUAL-MBT3904DW1T1";"SC70-6";"Q2";"Dual NPN Transistors in Single Package";"";"";"";"";"";"";"";"";"";"";"";"";"TRANS-13337";"";"";"";"";
"2";"0.01uF/16V";"CAPACITOR-0805";"C0805";"C1, C2";"Capacitors";"";"";"";"";"";"";"";"";"";"";"";"";"";"";"";"";"";
"2";"0.1uF";"CAPACITOR-0805";"C0805";"C3, C4";"Capacitors";"";"";"";"";"";"";"";"";"";"";"";"";"";"";"";"";"";
"4";"0.39R";"RESISTOR0805";"0805";"R1, R2, R3, R4";"Generic Resistor Package";"";"";"";"";"";"";"";"";"";"";"";"";"";"";"";"";"";
"3";"1.0uF";"CAPACITOR-0805";"C0805";"C5, C6, C7";"Capacitors";"";"";"";"";"";"";"";"";"";"";"";"";"";"";"";"";"";
"1";"100uF/10V";"F931C107KCC";"CAPPM6032X270N";"C15";"Cap Tant Solid 100uF 16V C CASE 10% (6 X 3.2 X 2.5mm) Inward L SMD 6032-27 0.7 Ohm 125C T/R";"";"";"Cap Tant Solid 100uF 16V C CASE 10% (6 X 3.2 X 2.5mm) Inward L SMD 6032-27 0.7 Ohm 125C T/R";"";"2.7mm";"";"";"AVX";"F931C107KCC";"";"";"";"";"";"";"";"";
"12";"10K";"RESISTOR0805";"0805";"R20, R21, R22, R23, R24, R25, R26, R27, R28, R29, R30, R31";"Generic Resistor Package";"";"";"";"";"";"";"";"";"";"";"";"";"";"";"";"";"";
"3";"10uF";"CAPACITOR-0805";"C0805";"C12, C13, C14";"Capacitors";"";"";"";"";"";"";"";"";"";"";"";"";"";"";"";"";"";
"2";"150";"RESISTOR0805";"0805";"R34, R35";"Generic Resistor Package";"";"";"";"";"";"";"";"";"";"";"";"";"";"";"";"";"";
"1";"16V/2.2A";"PPTC1812";"FUSC7035X90";"F1";"Resettable Fuse PPTC";"";"";"";"";"";"";"";"";"";"";"";"";"";"";"";"";"";
"2";"1K";"RESISTOR0805";"0805";"R14, R15";"Generic Resistor Package";"";"";"";"";"";"";"";"";"";"";"";"";"";"";"";"";"";
"1";"1N4148W-7-F";"DIODE-SOD-123";"SOD-123";"D1";"Diodes";"";"";"";"";"";"";"";"";"";"";"";"";"";"";"";"";"";
"1";"1x8M";"CONN_06LOCK";"1X06_LOCK";"DIAGNOSTIC";"Multi connection point. Often used as Generic Header-pin footprint for 0.1 inch spaced/style header connections";"";"";"";"";"";"";"";"";"";"";"";"";"";"";"";"";"";
"4";"2.2uF/6.3V";"CAPACITOR-0805";"C0805";"C8, C9, C10, C11";"Capacitors";"";"";"";"";"";"";"";"";"";"";"";"";"";"";"";"";"";
"5";"220R";"RESISTOR0805";"0805";"R9, R10, R11, R12, R13";"Generic Resistor Package";"";"";"";"";"";"";"";"";"";"";"";"";"";"";"";"";"";
"2";"22R";"RESISTOR0805";"0805";"R5, R6";"Generic Resistor Package";"";"";"";"";"";"";"";"";"";"";"";"";"";"";"";"";"";
"4";"2K";"RESISTOR0805";"0805";"R16, R17, R18, R19";"Generic Resistor Package";"";"";"";"";"";"";"";"";"";"";"";"";"";"";"";"";"";
"1";"2N7002";"MOSFET-NCH-BSS138";"SOT23-3";"Q3";"N-channel MOSFETs";"";"";"";"";"";"";"";"";"";"";"";"";"TRANS-00830";"";"";"";"220mA/50V/3.5Ω";
"1";"3.3V";"V_REG_AP2112K-3.3V";"SOT23-5";"U3";"AP2112 - 600mA CMOS LDO Regulator w/ Enable";"";"";"";"";"";"";"";"";"";"";"";"";"VREG-12457";"";"";"";"3.3V";
"2";"3A/40V/500mV";"DIODE-SCHOTTKY-B340A";"SMA-DIODE";"D3, D4";"Schottky diode";"";"";"";"";"";"";"";"";"";"";"";"";"DIO-09886";"";"";"";"3A/40V/500mV";
"2";"51R";"RESISTOR0805";"0805";"R7, R8";"Generic Resistor Package";"";"";"";"";"";"";"";"";"";"";"";"";"";"";"";"";"";
"2";">1M";"RESISTOR0805";"0805";"R32, R33";"Generic Resistor Package";"";"";"";"";"";"";"";"";"";"";"";"";"";"";"";"";"";
"4";"AA_590_596";"AA_590_596";"AA_590_596";"CELL1, CELL2, CELL3, CELL4";"";"";"";"KEYSTONE - 590 & 596";"";"12.56mm";"";"";"";"";"Keystone Electronics";"";"";"";"";"";"";"";
"1";"BAS70-05SOT32";"BAS70-05SOT32";"SOT91P240X110-3";"D5";"Silicon Schottky Diodes";"";"";"";"";"";"";"";"";"";"";"";"";"";"";"";"";"";
"1";"CH340C";"CH340C";"SO016";"U5";"";"";"";"";"";"";"";"";"";"";"";"";"";"IC-14038";"";"";"";"";
"1";"DICKBUTTCOPPER";"DICKBUTTCOPPER";"DICKBUTT_COPPER";"LOGO3";"";"";"";"";"";"";"";"";"";"";"";"";"";"";"";"";"";"";
"2";"DRV8833C";"DRV8833COMBO";"DRV8833_COMBO";"U1, U2";"DRV8833 Dual H-Bridge Motor Driver -- HTSSOP Package";"";"";"";"";"";"";"";"";"";"";"";"";"";"";"";"";"";
"1";"ESP-WROOM32";"ESP-WROOM32";"ESP-WROOM32";"U6";"Espressif ESP-WROOM-32 ESP32 WiFi/WLAN + Bluetooth/BLE Module";"";"";"";"";"";"";"";"";"";"";"";"";"";"";"";"";"";
"3";"FIDUCIAL1X2";"FIDUCIAL1X2";"FIDUCIAL-1X2";"FD1, FD2, FD3";"Fiducial Alignment Points";"";"";"";"";"";"";"";"";"";"";"";"";"";"";"";"";"";
"2";"JASX_LOGO_MID";"JASX_LOGO_MID";"JASX_LOGO_M";"LOGO2, LOGO4";"";"";"";"";"";"";"";"";"";"";"";"";"";"";"";"";"";"";
"4";"LTST-S220TBKT";"LTST-S220TBKT";"LTST-S220KFKT";"LED1, LED2, LED3, LED4";"LED,0805,Side View,Blue,30mcd Lite-On LTST-S220TBKT Blue LED, 475 nm 2012 (0805) Side View, Rectangle Lens SMD package";"";"";"LED,0805,Side View,Blue,30mcd Lite-On LTST-S220TBKT Blue LED, 475 nm 2012 (0805) Side View, Rectangle Lens SMD package";"";"mm";"";"";"Lite-On";"LTST-S220TBKT";"";"";"";"";"";"";"";"";
"1";"MAX16054AZT+T";"MAX16054AZT+T";"SOT95P275X110-6N";"U4";"On Off Controller, Debounce, 15kV ESD MAX16054AZT+T, Voltage Supervisor No Push Button Controller 6-Pin SOT-23";"";"";"On Off Controller, Debounce, 15kV ESD MAX16054AZT+T, Voltage Supervisor No Push Button Controller 6-Pin SOT-23";"";"1.1mm";"";"";"Maxim Integrated";"MAX16054AZT+T";"";"700-MAX16054AZTT";"https://www.mouser.com/Search/Refine.aspx?Keyword=700-MAX16054AZTT";"";"7512623P";"http://uk.rs-online.com/web/p/products/7512623P";"";"";
"2";"MOMENTARY-SWITCH-SPST-RIGHTSQ75";"MOMENTARY-SWITCH-SPST-RIGHTSQ75";"SW6X6_RIGHT_SQ73";"CONFIG, POWER";"";"";"";"";"";"";"";"";"";"";"";"";"";"";"";"";"";"";
"2";"MOMENTARY-SWITCH-SPST-SMD-6.0X3.5MM";"MOMENTARY-SWITCH-SPST-SMD-6.0X3.5MM";"TACTILE_SWITCH_SMD_6.0X3.5MM";"FLASH, RESET";"Momentary Switch (Pushbutton) - SPST";"";"";"";"";"";"";"";"";"";"";"";"";"SWCH-00815";"";"";"COM-08229";"";
"1";"MOSFET_PCH-DMG2305UX-13";"MOSFET_PCH-DMG2305UX-13";"SOT91P240X110-3";"Q1";"P-channel MOSFETs";"";"";"";"";"";"";"";"";"";"";"";"";"";"";"";"";"";
"1";"OSHW-LOGOM";"OSHW-LOGOM";"OSHW-LOGO-M";"LOGO1";"Open-Source Hardware (OSHW) Logo";"";"";"";"";"";"";"";"";"";"";"";"";"";"";"";"";"";
"4";"PJ-2100B-4A";"PJ-2100B-4A";"PJ2100B4A";"PH1, PH2, PH3, PH4";"Audio & Video Connectors Female 11*5mm RoHS";"";"";"Audio & Video Connectors Female 11*5mm RoHS";"";"5mm";"";"";"Korean Hroparts Elec";"PJ-2100B-4A";"";"";"";"";"";"";"";"";
"2";"RGB";"LED-RGB-CAPLCC";"P-LCC-4-3";"RGB1, RGB2";"LED-RGB Diffused Common Anode";"";"";"";"";"";"";"";"";"";"";"";"";"DIO-12986";"";"";"";"RGB";
"4";"USB-A-H";"USB-A-H";"USB-A-H";"USB1, USB2, USB3, USB4";"USB Connectors";"";"";"";"";"";"";"";"";"";"";"";"";"";"";"";"";"";
"1";"USB-MICROB-2";"USB-MICROB-2";"USB-MICROB-10118194";"USB_IN";"USB Connectors";"";"";"";"609-4618-6-ND ";"";"";"";"";"";"";"";"";"";"";"";"";"";
"1";"USBLC6-2SC6";"USBLC6-2SC6";"SOT95P280X145-6N";"ESD";"TVS Diode Array Uni-Directional USBLC6-2SC6 17V, SOT-23 6-Pin";"70389689";"http://www.alliedelec.com/stmicroelectronics-usblc6-2sc6/70389689/";"TVS Diode Array Uni-Directional USBLC6-2SC6 17V, SOT-23 6-Pin";"";"1.45mm";"";"";"STMicroelectronics";"USBLC6-2SC6";"";"511-USBLC6-2SC6";"https://www.mouser.com/Search/Refine.aspx?Keyword=511-USBLC6-2SC6";"";"6247693P";"http://uk.rs-online.com/web/p/products/6247693P";"";"";
